0,2,4,6,8,10,12,14,16,18,20,22,24,26,28,30,32,34,36,38,40,42,44,46,48,50,52,54,56,58,60,62,64,66,68,70,72,74,76,78,80,82,84,86,88,90,92,94,96,98,100,102,104,106,108,110,112,114,116,118,120,,,,,,,,,,,,,,,,,,,,,,,,,,,,,,,,,,,,,,,,,,,,,,,,,,,,,,,,,,,,,,,,,,,,,,,,,,,,,,,,,,,,,,,,,,,,,,,,,,,,,,,,,,,,,,,,,,,,,,,,,,,,,,,,,,,,,,,,,,,,,,,,,,,,,,,,,,,,,,,,,,,,,,,,,,,,,,,,,,,,,,,,,,,,,,,,,,,,,,,,,,,,,,,,,,,,,,,,,,,,,,,,,,,,,,,,,,,,,,,,,,,,,,,,,,,,,,,,,,,,,,,,,,,,,,,,,,,,,,,,,,,,,,,,,,,,,,,,,,,,,,,,,,,,,,,,,,,,,,,,,,,,,,,,,,,,,,,,,,,,,,,,,,,,,,,,,,,,,,,,,,,,,,,,,,,,,,,,,,,,,,,,,,,,,,,,,,,,,,,,,,,,,,,,,,,,,,,
278.2,278.3,279,283,290.1,297.5,304.6,310,343.2,365.5,412.2,453.7,492.7,523.5,559.7,592.1,623.7,647,672.9,699.9,722.4,741.3,763.5,784.4,801,819,834,848,863,875,889,904,917,929,940,953,964,976,985,990,996,1003,1012,1015,1015,1015,1016,1016,1016,1017,1017,1017,1017,1017,1017,1017,1017,1017,1017,1017,1017,,,,,,,,,,,,,,,,,,,,,,,,,,,,,,,,,,,,,,,,,,,,,,,,,,,,,,,,,,,,,,,,,,,,,,,,,,,,,,,,,,,,,,,,,,,,,,,,,,,,,,,,,,,,,,,,,,,,,,,,,,,,,,,,,,,,,,,,,,,,,,,,,,,,,,,,,,,,,,,,,,,,,,,,,,,,,,,,,,,,,,,,,,,,,,,,,,,,,,,,,,,,,,,,,,,,,,,,,,,,,,,,,,,,,,,,,,,,,,,,,,,,,,,,,,,,,,,,,,,,,,,,,,,,,,,,,,,,,,,,,,,,,,,,,,,,,,,,,,,,,,,,,,,,,,,,,,,,,,,,,,,,,,,,,,,,,,,,,,,,,,,,,,,,,,,,,,,,,,,,,,,,,,,,,,,,,,,,,,,,,,,,,,,,,,,,,,,,,,,,,,,,,,,,,,,,,,,
268.5,268.5,268.5,268.6,268.8,268.9,269.7,270,270.7,272,272.9,275.1,274.9,275.7,275.1,276.4,277.6,276.2,275.8,308.5,349.3,381.8,425.1,473,500.7,532.1,566.1,601.8,619.6,644,670.4,693.7,714.8,736.5,754.2,771.6,788,807,822,834,851,861,875,888,901,912,923,934,944,953,962,971,980,988,988,988,988,987,987,987,987,,,,,,,,,,,,,,,,,,,,,,,,,,,,,,,,,,,,,,,,,,,,,,,,,,,,,,,,,,,,,,,,,,,,,,,,,,,,,,,,,,,,,,,,,,,,,,,,,,,,,,,,,,,,,,,,,,,,,,,,,,,,,,,,,,,,,,,,,,,,,,,,,,,,,,,,,,,,,,,,,,,,,,,,,,,,,,,,,,,,,,,,,,,,,,,,,,,,,,,,,,,,,,,,,,,,,,,,,,,,,,,,,,,,,,,,,,,,,,,,,,,,,,,,,,,,,,,,,,,,,,,,,,,,,,,,,,,,,,,,,,,,,,,,,,,,,,,,,,,,,,,,,,,,,,,,,,,,,,,,,,,,,,,,,,,,,,,,,,,,,,,,,,,,,,,,,,,,,,,,,,,,,,,,,,,,,,,,,,,,,,,,,,,,,,,,,,,,,,,,,,,,,,,,,,,,,,,
284.2,284.8,287.1,294.3,325.2,335.9,345.5,353.8,363.2,372.6,381.9,392,402.9,413.7,424.5,434.6,444.7,456.8,465.2,473.8,482.9,491.8,498.9,506.3,513.4,520.2,527.7,535.1,542.7,550.5,558.4,567.9,574.7,582.4,589.7,595.6,602.8,607.8,613.4,619.3,625,630.6,635.4,640.3,644.7,652.3,658,664.1,671.1,676.1,682.3,688.2,693.2,698.6,724.4,748.6,771.2,791.6,811,830,846,,,,,,,,,,,,,,,,,,,,,,,,,,,,,,,,,,,,,,,,,,,,,,,,,,,,,,,,,,,,,,,,,,,,,,,,,,,,,,,,,,,,,,,,,,,,,,,,,,,,,,,,,,,,,,,,,,,,,,,,,,,,,,,,,,,,,,,,,,,,,,,,,,,,,,,,,,,,,,,,,,,,,,,,,,,,,,,,,,,,,,,,,,,,,,,,,,,,,,,,,,,,,,,,,,,,,,,,,,,,,,,,,,,,,,,,,,,,,,,,,,,,,,,,,,,,,,,,,,,,,,,,,,,,,,,,,,,,,,,,,,,,,,,,,,,,,,,,,,,,,,,,,,,,,,,,,,,,,,,,,,,,,,,,,,,,,,,,,,,,,,,,,,,,,,,,,,,,,,,,,,,,,,,,,,,,,,,,,,,,,,,,,,,,,,,,,,,,,,,,,,,,,,,,,,,,,,,
271.2,272.2,272.3,271.8,271.2,271.2,271.5,272.1,272.5,273.1,273.8,274.9,276.1,277.2,278.1,278.8,279.3,279.7,279.9,280.1,280.3,280.4,280.5,280.5,280.5,280.5,280.5,280.5,280.5,280.5,280.5,280.5,280.5,280.5,280.5,280.5,280.5,280.5,280.5,280.4,280.4,280.4,280.4,280.6,280.5,280.5,280.5,280.5,280.5,280.5,282.6,295.7,306.7,316.3,367.1,417.2,467.2,504.5,535.9,571.8,603.6,,,,,,,,,,,,,,,,,,,,,,,,,,,,,,,,,,,,,,,,,,,,,,,,,,,,,,,,,,,,,,,,,,,,,,,,,,,,,,,,,,,,,,,,,,,,,,,,,,,,,,,,,,,,,,,,,,,,,,,,,,,,,,,,,,,,,,,,,,,,,,,,,,,,,,,,,,,,,,,,,,,,,,,,,,,,,,,,,,,,,,,,,,,,,,,,,,,,,,,,,,,,,,,,,,,,,,,,,,,,,,,,,,,,,,,,,,,,,,,,,,,,,,,,,,,,,,,,,,,,,,,,,,,,,,,,,,,,,,,,,,,,,,,,,,,,,,,,,,,,,,,,,,,,,,,,,,,,,,,,,,,,,,,,,,,,,,,,,,,,,,,,,,,,,,,,,,,,,,,,,,,,,,,,,,,,,,,,,,,,,,,,,,,,,,,,,,,,,,,,,,,,,,,,,,,,,,,
267.3,267.3,267.2,267.3,267.3,267.3,267.3,267.4,269.5,284.7,308.7,339.5,378.2,422.6,464.6,501.1,539.4,575.3,610.3,638.6,671.4,699,726.2,750.2,774.4,797,818,840,859,876,893,910,927,943,960,975,989,1000,1007,1015,1015,1015,1015,1016,1016,1016,1016,1016,1014,1013,1013,1013,1013,1013,1012,1012,1012,1012,1012,1012,1011,,,,,,,,,,,,,,,,,,,,,,,,,,,,,,,,,,,,,,,,,,,,,,,,,,,,,,,,,,,,,,,,,,,,,,,,,,,,,,,,,,,,,,,,,,,,,,,,,,,,,,,,,,,,,,,,,,,,,,,,,,,,,,,,,,,,,,,,,,,,,,,,,,,,,,,,,,,,,,,,,,,,,,,,,,,,,,,,,,,,,,,,,,,,,,,,,,,,,,,,,,,,,,,,,,,,,,,,,,,,,,,,,,,,,,,,,,,,,,,,,,,,,,,,,,,,,,,,,,,,,,,,,,,,,,,,,,,,,,,,,,,,,,,,,,,,,,,,,,,,,,,,,,,,,,,,,,,,,,,,,,,,,,,,,,,,,,,,,,,,,,,,,,,,,,,,,,,,,,,,,,,,,,,,,,,,,,,,,,,,,,,,,,,,,,,,,,,,,,,,,,,,,,,,,,,,,,,
265.9,265.9,265.9,265.9,265.9,265.9,266,266.1,266,265.9,265.9,265.8,265.8,265.8,265.7,265.7,265.7,265.7,265.7,265.7,265.6,324.2,373.8,422,471.8,513.6,558.7,600.5,634.3,666.5,698.4,726.6,752,776.4,801,821,840,859,877,894,911,926,942,956,969,982,993,997,1000,1002,1001,1001,1001,1001,1000,1001,1001,1001,1000,1001,1000,,,,,,,,,,,,,,,,,,,,,,,,,,,,,,,,,,,,,,,,,,,,,,,,,,,,,,,,,,,,,,,,,,,,,,,,,,,,,,,,,,,,,,,,,,,,,,,,,,,,,,,,,,,,,,,,,,,,,,,,,,,,,,,,,,,,,,,,,,,,,,,,,,,,,,,,,,,,,,,,,,,,,,,,,,,,,,,,,,,,,,,,,,,,,,,,,,,,,,,,,,,,,,,,,,,,,,,,,,,,,,,,,,,,,,,,,,,,,,,,,,,,,,,,,,,,,,,,,,,,,,,,,,,,,,,,,,,,,,,,,,,,,,,,,,,,,,,,,,,,,,,,,,,,,,,,,,,,,,,,,,,,,,,,,,,,,,,,,,,,,,,,,,,,,,,,,,,,,,,,,,,,,,,,,,,,,,,,,,,,,,,,,,,,,,,,,,,,,,,,,,,,,,,,,,,,,,,
317.5,318.1,318,317.9,317.7,317.6,317.4,317.4,317.1,317,316.9,316.9,316.8,316.7,316.6,316.6,316.5,316.5,316.4,316.4,316.2,316.2,316.1,316.1,316,315.9,315.9,316,315.9,315.9,315.9,315.8,315.8,315.8,315.8,315.8,315.7,315.7,315.7,315.6,315.6,315.5,315.5,315.5,315.5,315.6,324.2,355.9,398.5,448.7,499.4,543.3,589.4,624,655.4,689.7,721.1,748.7,775.3,798,819,,,,,,,,,,,,,,,,,,,,,,,,,,,,,,,,,,,,,,,,,,,,,,,,,,,,,,,,,,,,,,,,,,,,,,,,,,,,,,,,,,,,,,,,,,,,,,,,,,,,,,,,,,,,,,,,,,,,,,,,,,,,,,,,,,,,,,,,,,,,,,,,,,,,,,,,,,,,,,,,,,,,,,,,,,,,,,,,,,,,,,,,,,,,,,,,,,,,,,,,,,,,,,,,,,,,,,,,,,,,,,,,,,,,,,,,,,,,,,,,,,,,,,,,,,,,,,,,,,,,,,,,,,,,,,,,,,,,,,,,,,,,,,,,,,,,,,,,,,,,,,,,,,,,,,,,,,,,,,,,,,,,,,,,,,,,,,,,,,,,,,,,,,,,,,,,,,,,,,,,,,,,,,,,,,,,,,,,,,,,,,,,,,,,,,,,,,,,,,,,,,,,,,,,,,,,,,,
266.9,266.9,266.9,266.9,267,267.1,267.1,267.2,267.2,267.2,267.3,267.4,267.4,267.5,267.5,267.5,267.6,267.6,267.6,267.6,267.7,267.7,267.7,267.7,267.7,267.7,267.7,267.7,267.7,267.7,267.7,267.7,267.7,267.7,267.7,267.7,267.7,267.7,267.7,267.7,267.7,267.7,267.7,267.7,267.7,267.7,267.6,267.6,267.6,267.6,267.7,267.7,267.7,267.7,267.7,267.6,288.2,355.8,414.5,468.1,509.3,,,,,,,,,,,,,,,,,,,,,,,,,,,,,,,,,,,,,,,,,,,,,,,,,,,,,,,,,,,,,,,,,,,,,,,,,,,,,,,,,,,,,,,,,,,,,,,,,,,,,,,,,,,,,,,,,,,,,,,,,,,,,,,,,,,,,,,,,,,,,,,,,,,,,,,,,,,,,,,,,,,,,,,,,,,,,,,,,,,,,,,,,,,,,,,,,,,,,,,,,,,,,,,,,,,,,,,,,,,,,,,,,,,,,,,,,,,,,,,,,,,,,,,,,,,,,,,,,,,,,,,,,,,,,,,,,,,,,,,,,,,,,,,,,,,,,,,,,,,,,,,,,,,,,,,,,,,,,,,,,,,,,,,,,,,,,,,,,,,,,,,,,,,,,,,,,,,,,,,,,,,,,,,,,,,,,,,,,,,,,,,,,,,,,,,,,,,,,,,,,,,,,,,,,,,,,,,
287.3,287.4,287.3,287.3,346.9,407.2,471.9,533.1,600.6,653.4,706.5,751.2,787.4,825,863,899,932,966,994,1017,1040,1043,1046,1048,1050,1052,1054,1055,1057,1058,1059,1060,1061,1062,1062,1063,1064,1064,1065,1066,1066,1067,1067,1068,1068,1069,1069,1070,1070,1070,1071,1071,1071,1072,1072,1072,1073,1073,1073,1073,1074,,,,,,,,,,,,,,,,,,,,,,,,,,,,,,,,,,,,,,,,,,,,,,,,,,,,,,,,,,,,,,,,,,,,,,,,,,,,,,,,,,,,,,,,,,,,,,,,,,,,,,,,,,,,,,,,,,,,,,,,,,,,,,,,,,,,,,,,,,,,,,,,,,,,,,,,,,,,,,,,,,,,,,,,,,,,,,,,,,,,,,,,,,,,,,,,,,,,,,,,,,,,,,,,,,,,,,,,,,,,,,,,,,,,,,,,,,,,,,,,,,,,,,,,,,,,,,,,,,,,,,,,,,,,,,,,,,,,,,,,,,,,,,,,,,,,,,,,,,,,,,,,,,,,,,,,,,,,,,,,,,,,,,,,,,,,,,,,,,,,,,,,,,,,,,,,,,,,,,,,,,,,,,,,,,,,,,,,,,,,,,,,,,,,,,,,,,,,,,,,,,,,,,,,,,,,,,,
266.3,266.2,266.1,266.1,265.9,265.6,265.3,265.1,264.9,264.8,264.8,323.1,402.1,483.6,554.3,623,681,734.1,776.6,817,855,889,919,950,975,1000,1015,1019,1020,1020,1017,1017,1018,1021,1022,1023,1022,1023,1026,1027,1027,1028,1027,1034,1042,1048,1049,1049,1050,1050,1051,1051,1051,1052,1052,1052,1053,1053,1053,1053,1053,,,,,,,,,,,,,,,,,,,,,,,,,,,,,,,,,,,,,,,,,,,,,,,,,,,,,,,,,,,,,,,,,,,,,,,,,,,,,,,,,,,,,,,,,,,,,,,,,,,,,,,,,,,,,,,,,,,,,,,,,,,,,,,,,,,,,,,,,,,,,,,,,,,,,,,,,,,,,,,,,,,,,,,,,,,,,,,,,,,,,,,,,,,,,,,,,,,,,,,,,,,,,,,,,,,,,,,,,,,,,,,,,,,,,,,,,,,,,,,,,,,,,,,,,,,,,,,,,,,,,,,,,,,,,,,,,,,,,,,,,,,,,,,,,,,,,,,,,,,,,,,,,,,,,,,,,,,,,,,,,,,,,,,,,,,,,,,,,,,,,,,,,,,,,,,,,,,,,,,,,,,,,,,,,,,,,,,,,,,,,,,,,,,,,,,,,,,,,,,,,,,,,,,,,,,,,,,
292.8,292.8,293.5,295.3,319.2,333.2,342.2,350,357.3,364.8,373,380.5,388.8,396.4,404.3,412.6,421.5,429.6,437.7,445.2,452.9,460.1,467.2,473.8,479.8,485.7,510.9,581.2,658.7,725.3,780.4,824,861,893,922,948,974,997,1020,1030,1032,1033,1034,1035,1035,1035,1035,1036,1036,1036,1036,1036,1037,1037,1037,1038,1038,1039,1039,1040,1040,,,,,,,,,,,,,,,,,,,,,,,,,,,,,,,,,,,,,,,,,,,,,,,,,,,,,,,,,,,,,,,,,,,,,,,,,,,,,,,,,,,,,,,,,,,,,,,,,,,,,,,,,,,,,,,,,,,,,,,,,,,,,,,,,,,,,,,,,,,,,,,,,,,,,,,,,,,,,,,,,,,,,,,,,,,,,,,,,,,,,,,,,,,,,,,,,,,,,,,,,,,,,,,,,,,,,,,,,,,,,,,,,,,,,,,,,,,,,,,,,,,,,,,,,,,,,,,,,,,,,,,,,,,,,,,,,,,,,,,,,,,,,,,,,,,,,,,,,,,,,,,,,,,,,,,,,,,,,,,,,,,,,,,,,,,,,,,,,,,,,,,,,,,,,,,,,,,,,,,,,,,,,,,,,,,,,,,,,,,,,,,,,,,,,,,,,,,,,,,,,,,,,,,,,,,,,,,
248.1,248.1,248.1,248.1,248.1,248.1,248.1,248.1,248.2,248.2,248.2,248.3,248.3,248.4,248.4,248.5,248.5,248.5,248.5,248.5,248.6,248.6,248.6,248.6,248.6,248.7,248.7,248.8,249.1,300.1,393.6,469.1,526.2,578.1,631.6,672.5,716.7,756.7,791.9,826,858,889,918,938,951,961,970,979,987,988,988,988,989,992,994,994,996,993,993,995,995,,,,,,,,,,,,,,,,,,,,,,,,,,,,,,,,,,,,,,,,,,,,,,,,,,,,,,,,,,,,,,,,,,,,,,,,,,,,,,,,,,,,,,,,,,,,,,,,,,,,,,,,,,,,,,,,,,,,,,,,,,,,,,,,,,,,,,,,,,,,,,,,,,,,,,,,,,,,,,,,,,,,,,,,,,,,,,,,,,,,,,,,,,,,,,,,,,,,,,,,,,,,,,,,,,,,,,,,,,,,,,,,,,,,,,,,,,,,,,,,,,,,,,,,,,,,,,,,,,,,,,,,,,,,,,,,,,,,,,,,,,,,,,,,,,,,,,,,,,,,,,,,,,,,,,,,,,,,,,,,,,,,,,,,,,,,,,,,,,,,,,,,,,,,,,,,,,,,,,,,,,,,,,,,,,,,,,,,,,,,,,,,,,,,,,,,,,,,,,,,,,,,,,,,,,,,,,,
286,285.9,286,286,309.9,309.7,331.1,360.2,400.3,450.1,379.1,532,570.5,609.1,637.8,646.2,483.2,714.8,596.2,602.9,635.6,673.7,717.3,721.4,744.8,766.8,788.7,811,829,848,867,885,901,916,932,938,946,954,962,970,977,982,988,993,998,998,1000,1003,1000,58.12,57.94,53.77,57.79,61.26,61.68,62.71,62.81,62.39,64.16,63.11,61.62,,,,,,,,,,,,,,,,,,,,,,,,,,,,,,,,,,,,,,,,,,,,,,,,,,,,,,,,,,,,,,,,,,,,,,,,,,,,,,,,,,,,,,,,,,,,,,,,,,,,,,,,,,,,,,,,,,,,,,,,,,,,,,,,,,,,,,,,,,,,,,,,,,,,,,,,,,,,,,,,,,,,,,,,,,,,,,,,,,,,,,,,,,,,,,,,,,,,,,,,,,,,,,,,,,,,,,,,,,,,,,,,,,,,,,,,,,,,,,,,,,,,,,,,,,,,,,,,,,,,,,,,,,,,,,,,,,,,,,,,,,,,,,,,,,,,,,,,,,,,,,,,,,,,,,,,,,,,,,,,,,,,,,,,,,,,,,,,,,,,,,,,,,,,,,,,,,,,,,,,,,,,,,,,,,,,,,,,,,,,,,,,,,,,,,,,,,,,,,,,,,,,,,,,,,,,,,,
285.7,285.7,285.6,285.5,261.5,261.6,261.6,262.1,262.3,264.3,378.4,263.3,263.9,265.4,265.7,293.5,480.4,340.5,474.6,600.8,634.6,654.8,636.8,720.5,744.3,766.3,788.3,810,828,848,866,884,901,915,922,937,945,953,961,969,976,982,988,993,997,998,997,998,997,79.57,66.73,56.5,58.95,59.91,61.69,61.65,61.97,62.08,63.21,62.1,61.21,,,,,,,,,,,,,,,,,,,,,,,,,,,,,,,,,,,,,,,,,,,,,,,,,,,,,,,,,,,,,,,,,,,,,,,,,,,,,,,,,,,,,,,,,,,,,,,,,,,,,,,,,,,,,,,,,,,,,,,,,,,,,,,,,,,,,,,,,,,,,,,,,,,,,,,,,,,,,,,,,,,,,,,,,,,,,,,,,,,,,,,,,,,,,,,,,,,,,,,,,,,,,,,,,,,,,,,,,,,,,,,,,,,,,,,,,,,,,,,,,,,,,,,,,,,,,,,,,,,,,,,,,,,,,,,,,,,,,,,,,,,,,,,,,,,,,,,,,,,,,,,,,,,,,,,,,,,,,,,,,,,,,,,,,,,,,,,,,,,,,,,,,,,,,,,,,,,,,,,,,,,,,,,,,,,,,,,,,,,,,,,,,,,,,,,,,,,,,,,,,,,,,,,,,,,,,,,
301.8,302.4,307,317.5,326.1,335.3,345.2,354.7,363.4,369.9,378.5,387.7,396.2,402.9,412.7,420.4,432.4,439.2,450,460.3,467,475.1,484.5,491.1,496.7,504.9,511.2,516.6,523.3,531.1,538.4,543.3,552.9,560.4,566.8,574.7,579.4,586.6,594.1,599.6,605,609.4,614.2,620.1,629.5,662.9,699.5,730.3,755.9,7.984,151.4,203.4,193.8,231.5,232.8,222.8,217.1,215.7,216.7,219.2,220,,,,,,,,,,,,,,,,,,,,,,,,,,,,,,,,,,,,,,,,,,,,,,,,,,,,,,,,,,,,,,,,,,,,,,,,,,,,,,,,,,,,,,,,,,,,,,,,,,,,,,,,,,,,,,,,,,,,,,,,,,,,,,,,,,,,,,,,,,,,,,,,,,,,,,,,,,,,,,,,,,,,,,,,,,,,,,,,,,,,,,,,,,,,,,,,,,,,,,,,,,,,,,,,,,,,,,,,,,,,,,,,,,,,,,,,,,,,,,,,,,,,,,,,,,,,,,,,,,,,,,,,,,,,,,,,,,,,,,,,,,,,,,,,,,,,,,,,,,,,,,,,,,,,,,,,,,,,,,,,,,,,,,,,,,,,,,,,,,,,,,,,,,,,,,,,,,,,,,,,,,,,,,,,,,,,,,,,,,,,,,,,,,,,,,,,,,,,,,,,,,,,,,,,,,,,,,,
254,254.1,254.1,254.1,254.2,254.3,254.4,254.5,254.6,254.8,254.9,255,255.1,255.3,255.3,255.4,255.4,255.5,255.6,255.6,255.7,255.7,255.8,255.8,255.9,255.9,255.9,255.9,255.9,255.9,255.8,255.8,255.8,255.8,255.8,255.8,255.8,255.8,255.9,255.9,255.9,255.9,255.9,255.9,256,256.6,256.9,326.1,377.4,427.1,470.4,509.3,547.4,580.8,616.8,647,673.9,699.1,727.4,751.9,772.7,,,,,,,,,,,,,,,,,,,,,,,,,,,,,,,,,,,,,,,,,,,,,,,,,,,,,,,,,,,,,,,,,,,,,,,,,,,,,,,,,,,,,,,,,,,,,,,,,,,,,,,,,,,,,,,,,,,,,,,,,,,,,,,,,,,,,,,,,,,,,,,,,,,,,,,,,,,,,,,,,,,,,,,,,,,,,,,,,,,,,,,,,,,,,,,,,,,,,,,,,,,,,,,,,,,,,,,,,,,,,,,,,,,,,,,,,,,,,,,,,,,,,,,,,,,,,,,,,,,,,,,,,,,,,,,,,,,,,,,,,,,,,,,,,,,,,,,,,,,,,,,,,,,,,,,,,,,,,,,,,,,,,,,,,,,,,,,,,,,,,,,,,,,,,,,,,,,,,,,,,,,,,,,,,,,,,,,,,,,,,,,,,,,,,,,,,,,,,,,,,,,,,,,,,,,,,,,
280,280.7,280.8,280.8,280.8,280.8,282.3,300.7,324,346.1,368.1,388.3,407,424.4,447.7,466.1,481.7,495,507.9,521.5,538.4,556,572.6,584,592.1,601.2,610.7,620.5,632.7,641.3,649.4,663.9,666.3,674.9,685.6,692.2,700.6,708.9,715.3,722.9,731.6,739,746,753.7,760.6,767.7,775,777.7,784.2,791.2,798.5,805,812,818,822,828,834,841,846,852,857,,,,,,,,,,,,,,,,,,,,,,,,,,,,,,,,,,,,,,,,,,,,,,,,,,,,,,,,,,,,,,,,,,,,,,,,,,,,,,,,,,,,,,,,,,,,,,,,,,,,,,,,,,,,,,,,,,,,,,,,,,,,,,,,,,,,,,,,,,,,,,,,,,,,,,,,,,,,,,,,,,,,,,,,,,,,,,,,,,,,,,,,,,,,,,,,,,,,,,,,,,,,,,,,,,,,,,,,,,,,,,,,,,,,,,,,,,,,,,,,,,,,,,,,,,,,,,,,,,,,,,,,,,,,,,,,,,,,,,,,,,,,,,,,,,,,,,,,,,,,,,,,,,,,,,,,,,,,,,,,,,,,,,,,,,,,,,,,,,,,,,,,,,,,,,,,,,,,,,,,,,,,,,,,,,,,,,,,,,,,,,,,,,,,,,,,,,,,,,,,,,,,,,,,,,,,,,,
268.1,268.2,268.2,268.2,268.2,268.2,268.2,268.3,268.4,268.5,268.6,268.8,268.8,269,269.1,269.2,269.3,269.8,270,270,270.1,270.3,270.5,271.5,271.8,271.9,271.9,272.3,272.4,272.5,273.1,273.2,293.2,319.5,339.6,351.9,371.3,389.1,400.9,418.7,440.5,458.9,474.5,491,505.1,516,530,543.5,555.6,572.5,586.4,601.4,616.5,627.4,637.3,651,663,673.8,684.1,694.8,702.8,,,,,,,,,,,,,,,,,,,,,,,,,,,,,,,,,,,,,,,,,,,,,,,,,,,,,,,,,,,,,,,,,,,,,,,,,,,,,,,,,,,,,,,,,,,,,,,,,,,,,,,,,,,,,,,,,,,,,,,,,,,,,,,,,,,,,,,,,,,,,,,,,,,,,,,,,,,,,,,,,,,,,,,,,,,,,,,,,,,,,,,,,,,,,,,,,,,,,,,,,,,,,,,,,,,,,,,,,,,,,,,,,,,,,,,,,,,,,,,,,,,,,,,,,,,,,,,,,,,,,,,,,,,,,,,,,,,,,,,,,,,,,,,,,,,,,,,,,,,,,,,,,,,,,,,,,,,,,,,,,,,,,,,,,,,,,,,,,,,,,,,,,,,,,,,,,,,,,,,,,,,,,,,,,,,,,,,,,,,,,,,,,,,,,,,,,,,,,,,,,,,,,,,,,,,,,,,
303.2,303.5,303.4,303.3,303.1,303,302.9,302.8,302.7,302.6,302.5,302.4,302.3,302.3,302.2,302.1,302.1,302.1,302,302,301.9,302,302,302,302,302,302,302.1,302,302,301.9,302,301.9,301.8,301.8,301.8,301.8,301.8,301.8,301.8,301.8,301.9,301.9,301.9,301.9,302,302,302,302.1,302.1,302.1,302.2,302.2,302.3,302.3,302.3,302.3,302.4,302.4,302.4,302.5,,,,,,,,,,,,,,,,,,,,,,,,,,,,,,,,,,,,,,,,,,,,,,,,,,,,,,,,,,,,,,,,,,,,,,,,,,,,,,,,,,,,,,,,,,,,,,,,,,,,,,,,,,,,,,,,,,,,,,,,,,,,,,,,,,,,,,,,,,,,,,,,,,,,,,,,,,,,,,,,,,,,,,,,,,,,,,,,,,,,,,,,,,,,,,,,,,,,,,,,,,,,,,,,,,,,,,,,,,,,,,,,,,,,,,,,,,,,,,,,,,,,,,,,,,,,,,,,,,,,,,,,,,,,,,,,,,,,,,,,,,,,,,,,,,,,,,,,,,,,,,,,,,,,,,,,,,,,,,,,,,,,,,,,,,,,,,,,,,,,,,,,,,,,,,,,,,,,,,,,,,,,,,,,,,,,,,,,,,,,,,,,,,,,,,,,,,,,,,,,,,,,,,,,,,,,,,,
249.1,249.2,249.2,249.2,249.2,249.2,249.2,249.3,249.3,249.3,249.4,249.4,249.4,249.4,249.5,249.5,249.5,249.5,249.5,249.6,249.6,249.6,249.6,249.6,249.6,249.6,249.6,249.6,249.6,249.6,249.6,249.6,249.6,249.6,249.6,249.6,249.6,249.6,249.6,249.6,249.6,249.6,249.6,249.6,249.6,249.6,249.6,249.6,249.6,249.6,249.6,249.6,249.6,249.7,249.6,249.7,249.7,249.6,249.7,249.7,249.7,,,,,,,,,,,,,,,,,,,,,,,,,,,,,,,,,,,,,,,,,,,,,,,,,,,,,,,,,,,,,,,,,,,,,,,,,,,,,,,,,,,,,,,,,,,,,,,,,,,,,,,,,,,,,,,,,,,,,,,,,,,,,,,,,,,,,,,,,,,,,,,,,,,,,,,,,,,,,,,,,,,,,,,,,,,,,,,,,,,,,,,,,,,,,,,,,,,,,,,,,,,,,,,,,,,,,,,,,,,,,,,,,,,,,,,,,,,,,,,,,,,,,,,,,,,,,,,,,,,,,,,,,,,,,,,,,,,,,,,,,,,,,,,,,,,,,,,,,,,,,,,,,,,,,,,,,,,,,,,,,,,,,,,,,,,,,,,,,,,,,,,,,,,,,,,,,,,,,,,,,,,,,,,,,,,,,,,,,,,,,,,,,,,,,,,,,,,,,,,,,,,,,,,,,,,,,,,
312,312.2,312.1,312,311.9,344.1,413.7,481.3,542.9,608.4,661.4,718.2,764.4,802,839,871,901,931,959,982,1003,1023,1025,1028,1030,1032,1035,1036,1038,1039,1041,1042,1044,1045,1047,1048,1049,1050,1051,1052,1053,1054,1054,1055,1056,1056,1057,1057,1058,1058,1059,1059,1060,1060,1060,1060,1060,1061,1061,1061,1061,,,,,,,,,,,,,,,,,,,,,,,,,,,,,,,,,,,,,,,,,,,,,,,,,,,,,,,,,,,,,,,,,,,,,,,,,,,,,,,,,,,,,,,,,,,,,,,,,,,,,,,,,,,,,,,,,,,,,,,,,,,,,,,,,,,,,,,,,,,,,,,,,,,,,,,,,,,,,,,,,,,,,,,,,,,,,,,,,,,,,,,,,,,,,,,,,,,,,,,,,,,,,,,,,,,,,,,,,,,,,,,,,,,,,,,,,,,,,,,,,,,,,,,,,,,,,,,,,,,,,,,,,,,,,,,,,,,,,,,,,,,,,,,,,,,,,,,,,,,,,,,,,,,,,,,,,,,,,,,,,,,,,,,,,,,,,,,,,,,,,,,,,,,,,,,,,,,,,,,,,,,,,,,,,,,,,,,,,,,,,,,,,,,,,,,,,,,,,,,,,,,,,,,,,,,,,,,
384.3,546.1,603.1,588.2,528.6,534.3,526.4,528.3,516.8,503,497.4,459.5,413.7,408.8,403.7,403.5,390,386.8,375.7,373.7,372.4,372.6,371.5,363.3,317.5,-15.85,-15.69,-18.6,-5.662,-5.299,-4.846,-4.96,-4.794,-4.908,-4.598,0.074,0.074,0.074,0.073,0.074,0.072,0.07,0.074,0.072,0.071,0.07,0.068,0.069,0.07,0.072,0.072,0.07,0.07,0.07,0.07,0.071,0.069,0.07,0.069,0.07,0.07,,,,,,,,,,,,,,,,,,,,,,,,,,,,,,,,,,,,,,,,,,,,,,,,,,,,,,,,,,,,,,,,,,,,,,,,,,,,,,,,,,,,,,,,,,,,,,,,,,,,,,,,,,,,,,,,,,,,,,,,,,,,,,,,,,,,,,,,,,,,,,,,,,,,,,,,,,,,,,,,,,,,,,,,,,,,,,,,,,,,,,,,,,,,,,,,,,,,,,,,,,,,,,,,,,,,,,,,,,,,,,,,,,,,,,,,,,,,,,,,,,,,,,,,,,,,,,,,,,,,,,,,,,,,,,,,,,,,,,,,,,,,,,,,,,,,,,,,,,,,,,,,,,,,,,,,,,,,,,,,,,,,,,,,,,,,,,,,,,,,,,,,,,,,,,,,,,,,,,,,,,,,,,,,,,,,,,,,,,,,,,,,,,,,,,,,,,,,,,,,,,,,,,,,,,,,,,,
403,405.6,388.4,405.5,396.6,402.4,397.9,388,403.7,378.7,404.6,404.6,398.6,392.1,395,390.8,404.7,408.8,396.6,407.1,393.9,401.1,407.8,399.8,401.6,403.1,400,404,407.2,404.8,404.8,402.5,400.3,402.2,413.4,396.4,404.3,397.2,403.1,395.2,383.4,406.1,405.6,406,403,408.4,404.1,396.5,406.9,393.4,385.9,397.8,399.3,399.7,382.4,389,405.4,411.5,398.1,400.6,406.8,,,,,,,,,,,,,,,,,,,,,,,,,,,,,,,,,,,,,,,,,,,,,,,,,,,,,,,,,,,,,,,,,,,,,,,,,,,,,,,,,,,,,,,,,,,,,,,,,,,,,,,,,,,,,,,,,,,,,,,,,,,,,,,,,,,,,,,,,,,,,,,,,,,,,,,,,,,,,,,,,,,,,,,,,,,,,,,,,,,,,,,,,,,,,,,,,,,,,,,,,,,,,,,,,,,,,,,,,,,,,,,,,,,,,,,,,,,,,,,,,,,,,,,,,,,,,,,,,,,,,,,,,,,,,,,,,,,,,,,,,,,,,,,,,,,,,,,,,,,,,,,,,,,,,,,,,,,,,,,,,,,,,,,,,,,,,,,,,,,,,,,,,,,,,,,,,,,,,,,,,,,,,,,,,,,,,,,,,,,,,,,,,,,,,,,,,,,,,,,,,,,,,,,,,,,,,,,
2500,2500,2500,2500,2500,2500,2500,2500,2500,2500,2500,2500,2500,2500,2500,2500,2500,2500,2500,2500,2500,2500,2500,2500,2500,2500,2500,2500,2500,2500,2500,2500,2500,2500,2500,2500,2500,2500,2500,2500,2500,2500,2500,2500,2500,2500,2500,2500,2500,2500,2500,2500,2500,2500,2500,2500,2500,2500,2500,2500,2500,,,,,,,,,,,,,,,,,,,,,,,,,,,,,,,,,,,,,,,,,,,,,,,,,,,,,,,,,,,,,,,,,,,,,,,,,,,,,,,,,,,,,,,,,,,,,,,,,,,,,,,,,,,,,,,,,,,,,,,,,,,,,,,,,,,,,,,,,,,,,,,,,,,,,,,,,,,,,,,,,,,,,,,,,,,,,,,,,,,,,,,,,,,,,,,,,,,,,,,,,,,,,,,,,,,,,,,,,,,,,,,,,,,,,,,,,,,,,,,,,,,,,,,,,,,,,,,,,,,,,,,,,,,,,,,,,,,,,,,,,,,,,,,,,,,,,,,,,,,,,,,,,,,,,,,,,,,,,,,,,,,,,,,,,,,,,,,,,,,,,,,,,,,,,,,,,,,,,,,,,,,,,,,,,,,,,,,,,,,,,,,,,,,,,,,,,,,,,,,,,,,,,,,,,,,,,,,
303.3,303.3,303.2,310.4,316.5,322.8,329.6,351.3,389,420.9,448.8,485,518.5,543.2,569.4,601.5,620.2,636.7,663.2,687.6,700.9,718.8,738.7,753.7,769.7,788.4,798.5,813,829,838,851,864,877,889,895,910,921,933,941,949,957,967,973,984,992,1001,1008,1016,1023,1024,1024,1024,1024,1025,1025,1025,1026,1026,1026,1026,1026,,,,,,,,,,,,,,,,,,,,,,,,,,,,,,,,,,,,,,,,,,,,,,,,,,,,,,,,,,,,,,,,,,,,,,,,,,,,,,,,,,,,,,,,,,,,,,,,,,,,,,,,,,,,,,,,,,,,,,,,,,,,,,,,,,,,,,,,,,,,,,,,,,,,,,,,,,,,,,,,,,,,,,,,,,,,,,,,,,,,,,,,,,,,,,,,,,,,,,,,,,,,,,,,,,,,,,,,,,,,,,,,,,,,,,,,,,,,,,,,,,,,,,,,,,,,,,,,,,,,,,,,,,,,,,,,,,,,,,,,,,,,,,,,,,,,,,,,,,,,,,,,,,,,,,,,,,,,,,,,,,,,,,,,,,,,,,,,,,,,,,,,,,,,,,,,,,,,,,,,,,,,,,,,,,,,,,,,,,,,,,,,,,,,,,,,,,,,,,,,,,,,,,,,,,,,,,,
262.6,262.6,262.6,262.6,262.6,262.8,262.9,263.1,263.7,265.9,265.8,266.4,267,268,271.7,274.7,278.5,280.1,282.7,281.7,294,319.9,345.8,377.3,425.3,449.4,474.4,504.6,529.1,552.1,577.2,597,623,641.9,658.9,679.7,699.4,717.2,731.9,749.5,762.5,777.1,790.3,804,816,830,839,851,860,873,883,894,903,912,922,930,937,945,953,960,967,,,,,,,,,,,,,,,,,,,,,,,,,,,,,,,,,,,,,,,,,,,,,,,,,,,,,,,,,,,,,,,,,,,,,,,,,,,,,,,,,,,,,,,,,,,,,,,,,,,,,,,,,,,,,,,,,,,,,,,,,,,,,,,,,,,,,,,,,,,,,,,,,,,,,,,,,,,,,,,,,,,,,,,,,,,,,,,,,,,,,,,,,,,,,,,,,,,,,,,,,,,,,,,,,,,,,,,,,,,,,,,,,,,,,,,,,,,,,,,,,,,,,,,,,,,,,,,,,,,,,,,,,,,,,,,,,,,,,,,,,,,,,,,,,,,,,,,,,,,,,,,,,,,,,,,,,,,,,,,,,,,,,,,,,,,,,,,,,,,,,,,,,,,,,,,,,,,,,,,,,,,,,,,,,,,,,,,,,,,,,,,,,,,,,,,,,,,,,,,,,,,,,,,,,,,,,,,
288,298.2,315.9,337.3,351.6,366.9,385.8,401.6,418.2,435.8,454,470.2,484.7,497.8,509.4,523,535.9,548.7,562.2,576.6,590.1,602,612.5,626.2,632.8,642.6,653,665.2,675.6,685.7,696.1,705.1,713.6,722.5,730,738.4,745.6,753.5,761.7,768.4,776,783.4,790.2,798.1,805,811,818,825,831,837,843,849,855,860,866,871,876,882,887,892,894,,,,,,,,,,,,,,,,,,,,,,,,,,,,,,,,,,,,,,,,,,,,,,,,,,,,,,,,,,,,,,,,,,,,,,,,,,,,,,,,,,,,,,,,,,,,,,,,,,,,,,,,,,,,,,,,,,,,,,,,,,,,,,,,,,,,,,,,,,,,,,,,,,,,,,,,,,,,,,,,,,,,,,,,,,,,,,,,,,,,,,,,,,,,,,,,,,,,,,,,,,,,,,,,,,,,,,,,,,,,,,,,,,,,,,,,,,,,,,,,,,,,,,,,,,,,,,,,,,,,,,,,,,,,,,,,,,,,,,,,,,,,,,,,,,,,,,,,,,,,,,,,,,,,,,,,,,,,,,,,,,,,,,,,,,,,,,,,,,,,,,,,,,,,,,,,,,,,,,,,,,,,,,,,,,,,,,,,,,,,,,,,,,,,,,,,,,,,,,,,,,,,,,,,,,,,,,,
267.4,267.7,267.5,267.5,267.5,267.5,267.4,267.5,267.6,267.7,267.8,268,268.1,268.2,268.2,268.4,268.5,268.6,268.6,268.7,268.7,268.8,268.8,268.9,269.1,269.2,269.2,269.4,269.5,294.4,313.3,330.6,346.6,363.9,379.4,395.9,411.8,429.3,446.5,462.4,477,489.7,502.2,514.7,525.8,538.5,551.8,564.7,578.6,590.9,602.3,613,622.3,631,640.4,649.9,659.1,668.9,678.3,687.6,692.4,,,,,,,,,,,,,,,,,,,,,,,,,,,,,,,,,,,,,,,,,,,,,,,,,,,,,,,,,,,,,,,,,,,,,,,,,,,,,,,,,,,,,,,,,,,,,,,,,,,,,,,,,,,,,,,,,,,,,,,,,,,,,,,,,,,,,,,,,,,,,,,,,,,,,,,,,,,,,,,,,,,,,,,,,,,,,,,,,,,,,,,,,,,,,,,,,,,,,,,,,,,,,,,,,,,,,,,,,,,,,,,,,,,,,,,,,,,,,,,,,,,,,,,,,,,,,,,,,,,,,,,,,,,,,,,,,,,,,,,,,,,,,,,,,,,,,,,,,,,,,,,,,,,,,,,,,,,,,,,,,,,,,,,,,,,,,,,,,,,,,,,,,,,,,,,,,,,,,,,,,,,,,,,,,,,,,,,,,,,,,,,,,,,,,,,,,,,,,,,,,,,,,,,,,,,,,,,
310.3,310.2,310.2,310.1,310.1,310.1,310.1,310.3,337.3,358.4,401.8,450.1,500.7,545,592.9,631,667.1,706.6,735.9,762.2,788.6,814,839,859,877,895,914,934,955,974,988,993,993,993,993,993,993,994,993,993,993,993,993,993,993,993,993,992,992,992,992,992,992,992,991,991,991,991,991,991,991,,,,,,,,,,,,,,,,,,,,,,,,,,,,,,,,,,,,,,,,,,,,,,,,,,,,,,,,,,,,,,,,,,,,,,,,,,,,,,,,,,,,,,,,,,,,,,,,,,,,,,,,,,,,,,,,,,,,,,,,,,,,,,,,,,,,,,,,,,,,,,,,,,,,,,,,,,,,,,,,,,,,,,,,,,,,,,,,,,,,,,,,,,,,,,,,,,,,,,,,,,,,,,,,,,,,,,,,,,,,,,,,,,,,,,,,,,,,,,,,,,,,,,,,,,,,,,,,,,,,,,,,,,,,,,,,,,,,,,,,,,,,,,,,,,,,,,,,,,,,,,,,,,,,,,,,,,,,,,,,,,,,,,,,,,,,,,,,,,,,,,,,,,,,,,,,,,,,,,,,,,,,,,,,,,,,,,,,,,,,,,,,,,,,,,,,,,,,,,,,,,,,,,,,,,,,,,,
1.507,1.506,1.512,1.513,1.514,1.523,1.517,1.524,1.533,1.544,1.561,1.579,1.575,1.578,1.56,1.558,1.554,1.56,1.664,1.72,1.765,1.821,1.854,1.899,1.932,1.959,1.965,1.973,1.995,2.013,2.029,2.045,2.056,2.08,2.104,2.112,2.117,2.111,2.115,2.128,2.156,2.189,2.195,2.182,2.15,2.135,2.135,2.134,2.132,2.13,2.133,2.131,2.126,2.119,2.119,2.115,2.121,2.12,2.122,2.116,2.116,,,,,,,,,,,,,,,,,,,,,,,,,,,,,,,,,,,,,,,,,,,,,,,,,,,,,,,,,,,,,,,,,,,,,,,,,,,,,,,,,,,,,,,,,,,,,,,,,,,,,,,,,,,,,,,,,,,,,,,,,,,,,,,,,,,,,,,,,,,,,,,,,,,,,,,,,,,,,,,,,,,,,,,,,,,,,,,,,,,,,,,,,,,,,,,,,,,,,,,,,,,,,,,,,,,,,,,,,,,,,,,,,,,,,,,,,,,,,,,,,,,,,,,,,,,,,,,,,,,,,,,,,,,,,,,,,,,,,,,,,,,,,,,,,,,,,,,,,,,,,,,,,,,,,,,,,,,,,,,,,,,,,,,,,,,,,,,,,,,,,,,,,,,,,,,,,,,,,,,,,,,,,,,,,,,,,,,,,,,,,,,,,,,,,,,,,,,,,,,,,,,,,,,,,,,,,,,
274.8,274.9,276.2,282,322.5,334.6,348.4,357.8,369.4,380.1,391,403.5,415,427.2,439.3,450.3,461.3,469.8,479.3,488,495.3,503.5,512.5,523.7,529.5,537.8,547.3,556.2,565.1,573.5,580.7,590.2,598.1,605.1,612.1,619.5,625.9,632.6,645.7,693.2,730.6,766.7,798.2,827,855,881,909,933,952,965,981,990,991,993,993,994,994,994,994,995,995,,,,,,,,,,,,,,,,,,,,,,,,,,,,,,,,,,,,,,,,,,,,,,,,,,,,,,,,,,,,,,,,,,,,,,,,,,,,,,,,,,,,,,,,,,,,,,,,,,,,,,,,,,,,,,,,,,,,,,,,,,,,,,,,,,,,,,,,,,,,,,,,,,,,,,,,,,,,,,,,,,,,,,,,,,,,,,,,,,,,,,,,,,,,,,,,,,,,,,,,,,,,,,,,,,,,,,,,,,,,,,,,,,,,,,,,,,,,,,,,,,,,,,,,,,,,,,,,,,,,,,,,,,,,,,,,,,,,,,,,,,,,,,,,,,,,,,,,,,,,,,,,,,,,,,,,,,,,,,,,,,,,,,,,,,,,,,,,,,,,,,,,,,,,,,,,,,,,,,,,,,,,,,,,,,,,,,,,,,,,,,,,,,,,,,,,,,,,,,,,,,,,,,,,,,,,,,,
259.2,259.7,259.7,259.6,259.4,259.5,259.5,259.4,259.4,259.4,259.4,259.4,259.4,259.4,259.4,259.5,259.6,259.7,259.8,259.9,260,260.1,260.3,260.4,260.6,260.8,260.9,261.1,261.2,261.4,261.5,261.7,261.8,261.9,262,262.1,262.2,262.3,262.5,262.8,352.9,414.8,480.7,531.4,586.3,631.7,672.8,712.2,750.1,784.6,815,843,872,900,914,925,932,939,946,953,959,,,,,,,,,,,,,,,,,,,,,,,,,,,,,,,,,,,,,,,,,,,,,,,,,,,,,,,,,,,,,,,,,,,,,,,,,,,,,,,,,,,,,,,,,,,,,,,,,,,,,,,,,,,,,,,,,,,,,,,,,,,,,,,,,,,,,,,,,,,,,,,,,,,,,,,,,,,,,,,,,,,,,,,,,,,,,,,,,,,,,,,,,,,,,,,,,,,,,,,,,,,,,,,,,,,,,,,,,,,,,,,,,,,,,,,,,,,,,,,,,,,,,,,,,,,,,,,,,,,,,,,,,,,,,,,,,,,,,,,,,,,,,,,,,,,,,,,,,,,,,,,,,,,,,,,,,,,,,,,,,,,,,,,,,,,,,,,,,,,,,,,,,,,,,,,,,,,,,,,,,,,,,,,,,,,,,,,,,,,,,,,,,,,,,,,,,,,,,,,,,,,,,,,,,,,,,,,
256.3,256.4,256.4,256.4,256.4,256.4,263,262.6,263.1,268.7,272.2,275.5,280.7,279.5,279.4,340.4,395.1,441.4,493.2,524.8,559.3,591.7,621.6,656.4,685.9,708.6,732.2,754.9,781.7,803,824,842,862,882,898,913,925,935,949,954,954,955,954,952,956,957,958,959,960,959,961,961,962,963,963,966,975,987,991,991,991,,,,,,,,,,,,,,,,,,,,,,,,,,,,,,,,,,,,,,,,,,,,,,,,,,,,,,,,,,,,,,,,,,,,,,,,,,,,,,,,,,,,,,,,,,,,,,,,,,,,,,,,,,,,,,,,,,,,,,,,,,,,,,,,,,,,,,,,,,,,,,,,,,,,,,,,,,,,,,,,,,,,,,,,,,,,,,,,,,,,,,,,,,,,,,,,,,,,,,,,,,,,,,,,,,,,,,,,,,,,,,,,,,,,,,,,,,,,,,,,,,,,,,,,,,,,,,,,,,,,,,,,,,,,,,,,,,,,,,,,,,,,,,,,,,,,,,,,,,,,,,,,,,,,,,,,,,,,,,,,,,,,,,,,,,,,,,,,,,,,,,,,,,,,,,,,,,,,,,,,,,,,,,,,,,,,,,,,,,,,,,,,,,,,,,,,,,,,,,,,,,,,,,,,,,,,,,,
280.5,280.5,280.5,280.5,280.5,280.4,301,347.8,402.2,467.4,519.2,577.5,622.3,655.3,695.3,733.6,761.3,788.2,810,830,852,873,895,914,935,952,970,987,1002,1017,1032,1044,1047,1049,1051,1053,1055,1056,1057,1058,1059,1060,1061,1062,1063,1064,1064,1065,1065,1066,1067,1067,1068,1068,1069,1069,1070,1070,1070,1071,1071,,,,,,,,,,,,,,,,,,,,,,,,,,,,,,,,,,,,,,,,,,,,,,,,,,,,,,,,,,,,,,,,,,,,,,,,,,,,,,,,,,,,,,,,,,,,,,,,,,,,,,,,,,,,,,,,,,,,,,,,,,,,,,,,,,,,,,,,,,,,,,,,,,,,,,,,,,,,,,,,,,,,,,,,,,,,,,,,,,,,,,,,,,,,,,,,,,,,,,,,,,,,,,,,,,,,,,,,,,,,,,,,,,,,,,,,,,,,,,,,,,,,,,,,,,,,,,,,,,,,,,,,,,,,,,,,,,,,,,,,,,,,,,,,,,,,,,,,,,,,,,,,,,,,,,,,,,,,,,,,,,,,,,,,,,,,,,,,,,,,,,,,,,,,,,,,,,,,,,,,,,,,,,,,,,,,,,,,,,,,,,,,,,,,,,,,,,,,,,,,,,,,,,,,,,,,,,,
267.5,268.7,289.6,307.3,321.6,335.7,349.4,361.3,376.4,389.5,403.9,418.3,433,445.5,456.4,466.9,477.4,485.5,495.2,506.1,515.8,525.9,535.8,546.5,554.5,563.5,571.7,581.4,590.9,602.9,609.9,617.5,625.1,634.1,642.5,651.4,657.6,663.6,670.4,697.5,742.3,776.8,808,837,862,887,913,936,958,976,992,1001,1003,1005,1007,1007,1009,1009,1010,1010,1010,,,,,,,,,,,,,,,,,,,,,,,,,,,,,,,,,,,,,,,,,,,,,,,,,,,,,,,,,,,,,,,,,,,,,,,,,,,,,,,,,,,,,,,,,,,,,,,,,,,,,,,,,,,,,,,,,,,,,,,,,,,,,,,,,,,,,,,,,,,,,,,,,,,,,,,,,,,,,,,,,,,,,,,,,,,,,,,,,,,,,,,,,,,,,,,,,,,,,,,,,,,,,,,,,,,,,,,,,,,,,,,,,,,,,,,,,,,,,,,,,,,,,,,,,,,,,,,,,,,,,,,,,,,,,,,,,,,,,,,,,,,,,,,,,,,,,,,,,,,,,,,,,,,,,,,,,,,,,,,,,,,,,,,,,,,,,,,,,,,,,,,,,,,,,,,,,,,,,,,,,,,,,,,,,,,,,,,,,,,,,,,,,,,,,,,,,,,,,,,,,,,,,,,,,,,,,,,
271,270.9,270.9,271,271,271.1,271.1,271.3,271.3,271.4,271.5,271.5,271.6,271.6,271.6,271.7,271.7,271.7,271.8,271.8,271.8,271.8,271.8,271.8,271.9,271.8,271.8,271.8,271.7,272.4,272.7,272.8,272,272,272,272.1,272.1,272.1,296.3,354.4,429.1,493.8,547.3,605.7,647,691.3,730.5,765.8,798.8,828,855,880,905,929,952,967,975,984,991,998,1003,,,,,,,,,,,,,,,,,,,,,,,,,,,,,,,,,,,,,,,,,,,,,,,,,,,,,,,,,,,,,,,,,,,,,,,,,,,,,,,,,,,,,,,,,,,,,,,,,,,,,,,,,,,,,,,,,,,,,,,,,,,,,,,,,,,,,,,,,,,,,,,,,,,,,,,,,,,,,,,,,,,,,,,,,,,,,,,,,,,,,,,,,,,,,,,,,,,,,,,,,,,,,,,,,,,,,,,,,,,,,,,,,,,,,,,,,,,,,,,,,,,,,,,,,,,,,,,,,,,,,,,,,,,,,,,,,,,,,,,,,,,,,,,,,,,,,,,,,,,,,,,,,,,,,,,,,,,,,,,,,,,,,,,,,,,,,,,,,,,,,,,,,,,,,,,,,,,,,,,,,,,,,,,,,,,,,,,,,,,,,,,,,,,,,,,,,,,,,,,,,,,,,,,,,,,,,,,
306.4,309,310.1,318.6,335.6,337.7,341.5,348.3,355.4,362.8,370.1,376.4,383.5,391.6,399.5,406.8,413.3,419.2,425.1,431.9,439.6,446.6,452.7,458.5,464.1,469,474.5,480.7,486.7,491.6,497.8,503.3,509.6,515.4,521,527.2,532.9,538.5,544.3,549.8,555.2,560.7,566.6,571.6,577.4,582.5,588,593.3,598.9,603.8,609.4,613.9,618.6,623.3,628.5,633.8,638.2,642.4,646.5,650.2,651.8,,,,,,,,,,,,,,,,,,,,,,,,,,,,,,,,,,,,,,,,,,,,,,,,,,,,,,,,,,,,,,,,,,,,,,,,,,,,,,,,,,,,,,,,,,,,,,,,,,,,,,,,,,,,,,,,,,,,,,,,,,,,,,,,,,,,,,,,,,,,,,,,,,,,,,,,,,,,,,,,,,,,,,,,,,,,,,,,,,,,,,,,,,,,,,,,,,,,,,,,,,,,,,,,,,,,,,,,,,,,,,,,,,,,,,,,,,,,,,,,,,,,,,,,,,,,,,,,,,,,,,,,,,,,,,,,,,,,,,,,,,,,,,,,,,,,,,,,,,,,,,,,,,,,,,,,,,,,,,,,,,,,,,,,,,,,,,,,,,,,,,,,,,,,,,,,,,,,,,,,,,,,,,,,,,,,,,,,,,,,,,,,,,,,,,,,,,,,,,,,,,,,,,,,,,,,,,,
273.8,273.7,273.7,273.8,273.8,273.9,274,274,274.1,274.1,274.2,274.2,274.2,274.3,274.3,274.4,274.4,274.5,274.5,274.5,274.6,274.6,274.6,274.6,274.7,274.7,274.7,274.7,274.7,274.7,274.8,274.8,274.8,274.8,274.8,274.8,274.8,274.8,274.9,274.9,274.9,274.9,274.9,274.9,274.9,274.9,274.9,274.9,274.9,274.9,274.9,275,275,275,275,275,275,275,275,275,275,,,,,,,,,,,,,,,,,,,,,,,,,,,,,,,,,,,,,,,,,,,,,,,,,,,,,,,,,,,,,,,,,,,,,,,,,,,,,,,,,,,,,,,,,,,,,,,,,,,,,,,,,,,,,,,,,,,,,,,,,,,,,,,,,,,,,,,,,,,,,,,,,,,,,,,,,,,,,,,,,,,,,,,,,,,,,,,,,,,,,,,,,,,,,,,,,,,,,,,,,,,,,,,,,,,,,,,,,,,,,,,,,,,,,,,,,,,,,,,,,,,,,,,,,,,,,,,,,,,,,,,,,,,,,,,,,,,,,,,,,,,,,,,,,,,,,,,,,,,,,,,,,,,,,,,,,,,,,,,,,,,,,,,,,,,,,,,,,,,,,,,,,,,,,,,,,,,,,,,,,,,,,,,,,,,,,,,,,,,,,,,,,,,,,,,,,,,,,,,,,,,,,,,,,,,,,,,
286.3,287.6,303.7,313.1,327.4,337.2,344.3,351.3,358.9,366.5,374.1,381.6,388.9,396.6,404.1,412,419.5,427.9,435.2,443.4,451.2,459,466.5,474,481.4,488.6,495.4,502.1,508.1,514.4,519.9,525.2,530.8,536.5,541.9,548.1,553.7,558.9,564,569.8,577.2,584.3,591.5,598.4,605.4,612.5,618.8,624.8,630.6,636,640.9,645.5,650.3,654.9,659.2,663.6,667.9,672.6,677.3,681.8,685.3,,,,,,,,,,,,,,,,,,,,,,,,,,,,,,,,,,,,,,,,,,,,,,,,,,,,,,,,,,,,,,,,,,,,,,,,,,,,,,,,,,,,,,,,,,,,,,,,,,,,,,,,,,,,,,,,,,,,,,,,,,,,,,,,,,,,,,,,,,,,,,,,,,,,,,,,,,,,,,,,,,,,,,,,,,,,,,,,,,,,,,,,,,,,,,,,,,,,,,,,,,,,,,,,,,,,,,,,,,,,,,,,,,,,,,,,,,,,,,,,,,,,,,,,,,,,,,,,,,,,,,,,,,,,,,,,,,,,,,,,,,,,,,,,,,,,,,,,,,,,,,,,,,,,,,,,,,,,,,,,,,,,,,,,,,,,,,,,,,,,,,,,,,,,,,,,,,,,,,,,,,,,,,,,,,,,,,,,,,,,,,,,,,,,,,,,,,,,,,,,,,,,,,,,,,,,,,,
265.4,265.4,265.4,265.4,265.5,265.6,265.6,265.6,265.7,265.7,265.7,265.8,265.8,265.8,265.9,265.9,265.9,266,266,266,266,266,266.1,266.1,266.1,266.1,266.1,266.2,266.2,266.2,266.2,266.2,266.2,266.3,266.3,266.3,266.3,266.3,266.3,266.3,266.3,266.3,266.3,266.4,266.4,266.4,266.5,266.5,266.5,266.5,266.5,266.6,266.6,266.6,266.6,266.6,266.6,266.6,266.6,266.6,266.5,,,,,,,,,,,,,,,,,,,,,,,,,,,,,,,,,,,,,,,,,,,,,,,,,,,,,,,,,,,,,,,,,,,,,,,,,,,,,,,,,,,,,,,,,,,,,,,,,,,,,,,,,,,,,,,,,,,,,,,,,,,,,,,,,,,,,,,,,,,,,,,,,,,,,,,,,,,,,,,,,,,,,,,,,,,,,,,,,,,,,,,,,,,,,,,,,,,,,,,,,,,,,,,,,,,,,,,,,,,,,,,,,,,,,,,,,,,,,,,,,,,,,,,,,,,,,,,,,,,,,,,,,,,,,,,,,,,,,,,,,,,,,,,,,,,,,,,,,,,,,,,,,,,,,,,,,,,,,,,,,,,,,,,,,,,,,,,,,,,,,,,,,,,,,,,,,,,,,,,,,,,,,,,,,,,,,,,,,,,,,,,,,,,,,,,,,,,,,,,,,,,,,,,,,,,,,,,
278.8,284.8,302.6,312.6,337.4,350.2,361.8,378,391.4,406.2,414.6,425.9,438,451.2,463.8,473,485.6,495.1,506.8,511.4,521.9,530.2,538.2,549,557.3,569.2,581.7,590.9,598.1,606.5,613.5,620.9,627.8,634.7,641.3,647.6,654.2,662.2,670.1,676.2,683,689.4,696.2,703.6,710.6,717,723,728.8,734.1,741,746.4,751.2,756.1,761.2,766.5,772.7,777.8,782.7,788.5,790.9,796.8,,,,,,,,,,,,,,,,,,,,,,,,,,,,,,,,,,,,,,,,,,,,,,,,,,,,,,,,,,,,,,,,,,,,,,,,,,,,,,,,,,,,,,,,,,,,,,,,,,,,,,,,,,,,,,,,,,,,,,,,,,,,,,,,,,,,,,,,,,,,,,,,,,,,,,,,,,,,,,,,,,,,,,,,,,,,,,,,,,,,,,,,,,,,,,,,,,,,,,,,,,,,,,,,,,,,,,,,,,,,,,,,,,,,,,,,,,,,,,,,,,,,,,,,,,,,,,,,,,,,,,,,,,,,,,,,,,,,,,,,,,,,,,,,,,,,,,,,,,,,,,,,,,,,,,,,,,,,,,,,,,,,,,,,,,,,,,,,,,,,,,,,,,,,,,,,,,,,,,,,,,,,,,,,,,,,,,,,,,,,,,,,,,,,,,,,,,,,,,,,,,,,,,,,,,,,,,,
266.4,266.5,266.5,266.4,266.3,266.2,266.2,266.1,266.1,266.1,266.1,266.2,266.2,266.2,266.3,266.3,266.3,266.4,266.4,266.4,266.5,266.5,266.5,266.6,266.6,266.6,266.6,266.6,266.6,266.6,266.7,266.7,266.7,266.7,266.7,266.7,266.7,266.7,266.7,266.8,266.8,266.8,266.8,266.8,266.8,266.8,266.8,266.8,266.8,266.8,266.8,266.8,266.8,266.8,266.9,266.9,266.9,266.9,266.9,266.9,267,,,,,,,,,,,,,,,,,,,,,,,,,,,,,,,,,,,,,,,,,,,,,,,,,,,,,,,,,,,,,,,,,,,,,,,,,,,,,,,,,,,,,,,,,,,,,,,,,,,,,,,,,,,,,,,,,,,,,,,,,,,,,,,,,,,,,,,,,,,,,,,,,,,,,,,,,,,,,,,,,,,,,,,,,,,,,,,,,,,,,,,,,,,,,,,,,,,,,,,,,,,,,,,,,,,,,,,,,,,,,,,,,,,,,,,,,,,,,,,,,,,,,,,,,,,,,,,,,,,,,,,,,,,,,,,,,,,,,,,,,,,,,,,,,,,,,,,,,,,,,,,,,,,,,,,,,,,,,,,,,,,,,,,,,,,,,,,,,,,,,,,,,,,,,,,,,,,,,,,,,,,,,,,,,,,,,,,,,,,,,,,,,,,,,,,,,,,,,,,,,,,,,,,,,,,,,,,
255.7,255.7,268.6,272.2,272.3,272.4,273,280.1,283.4,285.4,301.4,319.1,338.3,370.3,373.3,375,405.9,411.4,440.5,460.8,461.3,472.6,475.1,487.3,513.8,542.4,543.1,559.1,578.5,604.9,624.3,641.5,678.2,699.8,709.3,725.7,736,744,757,775.1,781.4,788.8,800,808,813,826,832,840,844,847,848,851,855,858,866,870,873,876,879,881,886,,,,,,,,,,,,,,,,,,,,,,,,,,,,,,,,,,,,,,,,,,,,,,,,,,,,,,,,,,,,,,,,,,,,,,,,,,,,,,,,,,,,,,,,,,,,,,,,,,,,,,,,,,,,,,,,,,,,,,,,,,,,,,,,,,,,,,,,,,,,,,,,,,,,,,,,,,,,,,,,,,,,,,,,,,,,,,,,,,,,,,,,,,,,,,,,,,,,,,,,,,,,,,,,,,,,,,,,,,,,,,,,,,,,,,,,,,,,,,,,,,,,,,,,,,,,,,,,,,,,,,,,,,,,,,,,,,,,,,,,,,,,,,,,,,,,,,,,,,,,,,,,,,,,,,,,,,,,,,,,,,,,,,,,,,,,,,,,,,,,,,,,,,,,,,,,,,,,,,,,,,,,,,,,,,,,,,,,,,,,,,,,,,,,,,,,,,,,,,,,,,,,,,,,,,,,,,,
259.6,263.5,288.1,303.1,316.9,323.7,351.1,375.4,407.1,423.4,436,453.3,482.4,520.8,535.7,552.4,568.7,577.3,601.2,623.8,633.9,655,668.4,678.8,695.2,717.2,727.8,745.5,754,760,777.5,793.7,804,813,822,831,846,865,872,882,891,899,911,929,936,945,953,960,972,984,985,985,985,985,986,988,989,989,989,989,989,,,,,,,,,,,,,,,,,,,,,,,,,,,,,,,,,,,,,,,,,,,,,,,,,,,,,,,,,,,,,,,,,,,,,,,,,,,,,,,,,,,,,,,,,,,,,,,,,,,,,,,,,,,,,,,,,,,,,,,,,,,,,,,,,,,,,,,,,,,,,,,,,,,,,,,,,,,,,,,,,,,,,,,,,,,,,,,,,,,,,,,,,,,,,,,,,,,,,,,,,,,,,,,,,,,,,,,,,,,,,,,,,,,,,,,,,,,,,,,,,,,,,,,,,,,,,,,,,,,,,,,,,,,,,,,,,,,,,,,,,,,,,,,,,,,,,,,,,,,,,,,,,,,,,,,,,,,,,,,,,,,,,,,,,,,,,,,,,,,,,,,,,,,,,,,,,,,,,,,,,,,,,,,,,,,,,,,,,,,,,,,,,,,,,,,,,,,,,,,,,,,,,,,,,,,,,,,
